--Insert Álbuns
INSERT [dbo].[Albuns] ([cod], [gravadora], [tipo_compra], [descricao], [data_gravacao], [data_compra], [preco_compra]) VALUES (1, 1, N'Física', N'Metade Vazia', CAST(N'2018-04-05' AS Date), CAST(N'2019-11-24' AS Date), CAST(80.50 AS Decimal(8, 2)))
INSERT [dbo].[Albuns] ([cod], [gravadora], [tipo_compra], [descricao], [data_gravacao], [data_compra], [preco_compra]) VALUES (2, 1, N'Download', N'Metade Preenchida', CAST(N'2020-12-18' AS Date), CAST(N'2020-12-18' AS Date), CAST(1000.00 AS Decimal(8, 2)))
INSERT [dbo].[Albuns] ([cod], [gravadora], [tipo_compra], [descricao], [data_gravacao], [data_compra], [preco_compra]) VALUES (3, 2, N'Download', N'As melhores de FBD', CAST(N'2021-02-27' AS Date), CAST(N'2021-03-09' AS Date), CAST(250.00 AS Decimal(8, 2)))
INSERT [dbo].[Albuns] ([cod], [gravadora], [tipo_compra], [descricao], [data_gravacao], [data_compra], [preco_compra]) VALUES (4, 2, N'Download', N'As melhores de CANA', CAST(N'1998-09-25' AS Date), CAST(N'2021-04-04' AS Date), CAST(40.00 AS Decimal(8, 2)))

--Insert Compositor_Período
INSERT [dbo].[Compos_Periodo] ([cod_comp], [cod_per]) VALUES (1, 1)
INSERT [dbo].[Compos_Periodo] ([cod_comp], [cod_per]) VALUES (1, 2)
INSERT [dbo].[Compos_Periodo] ([cod_comp], [cod_per]) VALUES (2, 3)
INSERT [dbo].[Compos_Periodo] ([cod_comp], [cod_per]) VALUES (2, 4)
INSERT [dbo].[Compos_Periodo] ([cod_comp], [cod_per]) VALUES (3, 2)
INSERT [dbo].[Compos_Periodo] ([cod_comp], [cod_per]) VALUES (4, 1)

--Insert Composicao
INSERT [dbo].[Composicao] ([id], [descricao], [tipo]) VALUES (1, N'Cantoria Eloquente', N'Ópera')
INSERT [dbo].[Composicao] ([id], [descricao], [tipo]) VALUES (2, N'Sonífero Mortal', N'Sonata')
INSERT [dbo].[Composicao] ([id], [descricao], [tipo]) VALUES (3, N'Ressignificação', N'Sinfonia')
INSERT [dbo].[Composicao] ([id], [descricao], [tipo]) VALUES (4, N'Transposição Espiritual', N'Concerto')

--Insert Compositor
INSERT [dbo].[Compositor] ([id], [nome], [local_nasc], [data_nasc], [data_morte]) VALUES (1, N'Ângelo Brayner', N'São Paulo', CAST(N'1981-06-12' AS Date), NULL)
INSERT [dbo].[Compositor] ([id], [nome], [local_nasc], [data_nasc], [data_morte]) VALUES (2, N'Jonas Kalasco', N'Afeganistão', CAST(N'1999-08-19' AS Date), CAST(N'2009-12-18' AS Date))
INSERT [dbo].[Compositor] ([id], [nome], [local_nasc], [data_nasc], [data_morte]) VALUES (3, N'Lázaro Bonifácio', N'Itália', CAST(N'2001-10-18' AS Date), CAST(N'2017-01-23' AS Date))
INSERT [dbo].[Compositor] ([id], [nome], [local_nasc], [data_nasc], [data_morte]) VALUES (4, N'Creto Vidal', N'Fortaleza', CAST(N'1970-04-28' AS Date), NULL)

--Insert Faixa_Compositor
INSERT [dbo].[Faixa_Compositor] ([cod_album], [posicao], [cod_comp]) VALUES (1, 1, 1)
INSERT [dbo].[Faixa_Compositor] ([cod_album], [posicao], [cod_comp]) VALUES (1, 5, 1)
INSERT [dbo].[Faixa_Compositor] ([cod_album], [posicao], [cod_comp]) VALUES (2, 1, 1)
INSERT [dbo].[Faixa_Compositor] ([cod_album], [posicao], [cod_comp]) VALUES (2, 5, 1)
INSERT [dbo].[Faixa_Compositor] ([cod_album], [posicao], [cod_comp]) VALUES (3, 3, 1)
INSERT [dbo].[Faixa_Compositor] ([cod_album], [posicao], [cod_comp]) VALUES (3, 5, 1)
INSERT [dbo].[Faixa_Compositor] ([cod_album], [posicao], [cod_comp]) VALUES (4, 2, 1)
INSERT [dbo].[Faixa_Compositor] ([cod_album], [posicao], [cod_comp]) VALUES (1, 2, 2)
INSERT [dbo].[Faixa_Compositor] ([cod_album], [posicao], [cod_comp]) VALUES (1, 7, 2)
INSERT [dbo].[Faixa_Compositor] ([cod_album], [posicao], [cod_comp]) VALUES (2, 3, 2)
INSERT [dbo].[Faixa_Compositor] ([cod_album], [posicao], [cod_comp]) VALUES (2, 6, 2)
INSERT [dbo].[Faixa_Compositor] ([cod_album], [posicao], [cod_comp]) VALUES (3, 2, 2)
INSERT [dbo].[Faixa_Compositor] ([cod_album], [posicao], [cod_comp]) VALUES (3, 6, 2)
INSERT [dbo].[Faixa_Compositor] ([cod_album], [posicao], [cod_comp]) VALUES (4, 3, 2)
INSERT [dbo].[Faixa_Compositor] ([cod_album], [posicao], [cod_comp]) VALUES (4, 5, 2)
INSERT [dbo].[Faixa_Compositor] ([cod_album], [posicao], [cod_comp]) VALUES (1, 3, 3)
INSERT [dbo].[Faixa_Compositor] ([cod_album], [posicao], [cod_comp]) VALUES (1, 6, 3)
INSERT [dbo].[Faixa_Compositor] ([cod_album], [posicao], [cod_comp]) VALUES (2, 4, 3)
INSERT [dbo].[Faixa_Compositor] ([cod_album], [posicao], [cod_comp]) VALUES (3, 4, 3)
INSERT [dbo].[Faixa_Compositor] ([cod_album], [posicao], [cod_comp]) VALUES (4, 4, 3)
INSERT [dbo].[Faixa_Compositor] ([cod_album], [posicao], [cod_comp]) VALUES (1, 4, 4)
INSERT [dbo].[Faixa_Compositor] ([cod_album], [posicao], [cod_comp]) VALUES (2, 2, 4)
INSERT [dbo].[Faixa_Compositor] ([cod_album], [posicao], [cod_comp]) VALUES (3, 1, 4)
INSERT [dbo].[Faixa_Compositor] ([cod_album], [posicao], [cod_comp]) VALUES (4, 1, 4)
INSERT [dbo].[Faixa_Compositor] ([cod_album], [posicao], [cod_comp]) VALUES (4, 6, 4)

--Insert Faixa_Interprete
INSERT [dbo].[Faixa_Interprete] ([cod_album], [posicao], [id_interp]) VALUES (1, 1, 1)
INSERT [dbo].[Faixa_Interprete] ([cod_album], [posicao], [id_interp]) VALUES (1, 5, 1)
INSERT [dbo].[Faixa_Interprete] ([cod_album], [posicao], [id_interp]) VALUES (2, 1, 1)
INSERT [dbo].[Faixa_Interprete] ([cod_album], [posicao], [id_interp]) VALUES (2, 5, 1)
INSERT [dbo].[Faixa_Interprete] ([cod_album], [posicao], [id_interp]) VALUES (3, 3, 1)
INSERT [dbo].[Faixa_Interprete] ([cod_album], [posicao], [id_interp]) VALUES (3, 5, 1)
INSERT [dbo].[Faixa_Interprete] ([cod_album], [posicao], [id_interp]) VALUES (4, 2, 1)
INSERT [dbo].[Faixa_Interprete] ([cod_album], [posicao], [id_interp]) VALUES (1, 2, 2)
INSERT [dbo].[Faixa_Interprete] ([cod_album], [posicao], [id_interp]) VALUES (1, 7, 2)
INSERT [dbo].[Faixa_Interprete] ([cod_album], [posicao], [id_interp]) VALUES (2, 3, 2)
INSERT [dbo].[Faixa_Interprete] ([cod_album], [posicao], [id_interp]) VALUES (2, 6, 2)
INSERT [dbo].[Faixa_Interprete] ([cod_album], [posicao], [id_interp]) VALUES (3, 2, 2)
INSERT [dbo].[Faixa_Interprete] ([cod_album], [posicao], [id_interp]) VALUES (3, 6, 2)
INSERT [dbo].[Faixa_Interprete] ([cod_album], [posicao], [id_interp]) VALUES (4, 3, 2)
INSERT [dbo].[Faixa_Interprete] ([cod_album], [posicao], [id_interp]) VALUES (4, 5, 2)
INSERT [dbo].[Faixa_Interprete] ([cod_album], [posicao], [id_interp]) VALUES (1, 3, 3)
INSERT [dbo].[Faixa_Interprete] ([cod_album], [posicao], [id_interp]) VALUES (1, 6, 3)
INSERT [dbo].[Faixa_Interprete] ([cod_album], [posicao], [id_interp]) VALUES (2, 4, 3)
INSERT [dbo].[Faixa_Interprete] ([cod_album], [posicao], [id_interp]) VALUES (3, 4, 3)
INSERT [dbo].[Faixa_Interprete] ([cod_album], [posicao], [id_interp]) VALUES (4, 4, 3)
INSERT [dbo].[Faixa_Interprete] ([cod_album], [posicao], [id_interp]) VALUES (1, 4, 4)
INSERT [dbo].[Faixa_Interprete] ([cod_album], [posicao], [id_interp]) VALUES (2, 2, 4)
INSERT [dbo].[Faixa_Interprete] ([cod_album], [posicao], [id_interp]) VALUES (3, 1, 4)
INSERT [dbo].[Faixa_Interprete] ([cod_album], [posicao], [id_interp]) VALUES (4, 1, 4)
INSERT [dbo].[Faixa_Interprete] ([cod_album], [posicao], [id_interp]) VALUES (4, 6, 4)

--Insert Faixa_Playlist
INSERT [dbo].[Faixa_Playlist] ([cod_album], [posicao], [id_playlist], [data_ultima], [num_tocada]) VALUES (1, 1, 1, CAST(N'2021-05-04' AS Date), 500)
INSERT [dbo].[Faixa_Playlist] ([cod_album], [posicao], [id_playlist], [data_ultima], [num_tocada]) VALUES (1, 2, 1, CAST(N'2021-04-04' AS Date), 123)
INSERT [dbo].[Faixa_Playlist] ([cod_album], [posicao], [id_playlist], [data_ultima], [num_tocada]) VALUES (1, 3, 1, CAST(N'2021-03-04' AS Date), 98)
INSERT [dbo].[Faixa_Playlist] ([cod_album], [posicao], [id_playlist], [data_ultima], [num_tocada]) VALUES (1, 4, 1, CAST(N'2021-02-04' AS Date), 423)
INSERT [dbo].[Faixa_Playlist] ([cod_album], [posicao], [id_playlist], [data_ultima], [num_tocada]) VALUES (1, 5, 1, CAST(N'2021-01-04' AS Date), 128)
INSERT [dbo].[Faixa_Playlist] ([cod_album], [posicao], [id_playlist], [data_ultima], [num_tocada]) VALUES (1, 6, 1, CAST(N'2021-05-03' AS Date), 45)
INSERT [dbo].[Faixa_Playlist] ([cod_album], [posicao], [id_playlist], [data_ultima], [num_tocada]) VALUES (1, 7, 1, CAST(N'2021-05-02' AS Date), 675)
INSERT [dbo].[Faixa_Playlist] ([cod_album], [posicao], [id_playlist], [data_ultima], [num_tocada]) VALUES (2, 1, 2, CAST(N'2021-05-05' AS Date), 230)
INSERT [dbo].[Faixa_Playlist] ([cod_album], [posicao], [id_playlist], [data_ultima], [num_tocada]) VALUES (2, 2, 2, CAST(N'2021-04-06' AS Date), 83)
INSERT [dbo].[Faixa_Playlist] ([cod_album], [posicao], [id_playlist], [data_ultima], [num_tocada]) VALUES (2, 3, 2, CAST(N'2021-03-07' AS Date), 18)
INSERT [dbo].[Faixa_Playlist] ([cod_album], [posicao], [id_playlist], [data_ultima], [num_tocada]) VALUES (2, 4, 2, CAST(N'2021-02-08' AS Date), 426)
INSERT [dbo].[Faixa_Playlist] ([cod_album], [posicao], [id_playlist], [data_ultima], [num_tocada]) VALUES (2, 5, 2, CAST(N'2021-01-09' AS Date), 118)
INSERT [dbo].[Faixa_Playlist] ([cod_album], [posicao], [id_playlist], [data_ultima], [num_tocada]) VALUES (2, 6, 2, CAST(N'2021-05-10' AS Date), 35)
INSERT [dbo].[Faixa_Playlist] ([cod_album], [posicao], [id_playlist], [data_ultima], [num_tocada]) VALUES (3, 1, 3, CAST(N'2020-05-04' AS Date), 122)
INSERT [dbo].[Faixa_Playlist] ([cod_album], [posicao], [id_playlist], [data_ultima], [num_tocada]) VALUES (3, 2, 3, CAST(N'2020-04-04' AS Date), 32)
INSERT [dbo].[Faixa_Playlist] ([cod_album], [posicao], [id_playlist], [data_ultima], [num_tocada]) VALUES (3, 3, 3, CAST(N'2020-03-04' AS Date), 837)
INSERT [dbo].[Faixa_Playlist] ([cod_album], [posicao], [id_playlist], [data_ultima], [num_tocada]) VALUES (3, 4, 3, CAST(N'2020-02-04' AS Date), 15)
INSERT [dbo].[Faixa_Playlist] ([cod_album], [posicao], [id_playlist], [data_ultima], [num_tocada]) VALUES (3, 5, 3, CAST(N'2020-01-04' AS Date), 872)
INSERT [dbo].[Faixa_Playlist] ([cod_album], [posicao], [id_playlist], [data_ultima], [num_tocada]) VALUES (3, 6, 3, CAST(N'2020-05-03' AS Date), 54)
INSERT [dbo].[Faixa_Playlist] ([cod_album], [posicao], [id_playlist], [data_ultima], [num_tocada]) VALUES (4, 1, 4, CAST(N'2019-05-04' AS Date), 122)
INSERT [dbo].[Faixa_Playlist] ([cod_album], [posicao], [id_playlist], [data_ultima], [num_tocada]) VALUES (4, 2, 4, CAST(N'2019-04-04' AS Date), 143)
INSERT [dbo].[Faixa_Playlist] ([cod_album], [posicao], [id_playlist], [data_ultima], [num_tocada]) VALUES (4, 3, 4, CAST(N'2019-03-04' AS Date), 1256)
INSERT [dbo].[Faixa_Playlist] ([cod_album], [posicao], [id_playlist], [data_ultima], [num_tocada]) VALUES (4, 4, 4, CAST(N'2019-02-04' AS Date), 63)
INSERT [dbo].[Faixa_Playlist] ([cod_album], [posicao], [id_playlist], [data_ultima], [num_tocada]) VALUES (4, 5, 4, CAST(N'2019-01-04' AS Date), 631)
INSERT [dbo].[Faixa_Playlist] ([cod_album], [posicao], [id_playlist], [data_ultima], [num_tocada]) VALUES (4, 6, 4, CAST(N'2019-05-03' AS Date), 56)

--Insert Faixas
INSERT [dbo].[Faixas] ([cod_album], [posicao], [tipo_composicao], [tipo_gravacao], [duracao], [descricao], [nome], [link]) VALUES (1, 1, 1, N'ADD', 201, N'Billie Eilish', N'No Time to Die', N'http://docs.google.com/uc?export=open&id=1XbqsgaIPU5cYH_4zbq97w4PnrYUuJsCl')
INSERT [dbo].[Faixas] ([cod_album], [posicao], [tipo_composicao], [tipo_gravacao], [duracao], [descricao], [nome], [link]) VALUES (1, 2, 4, N'DDD', 166, N'The Beatles', N'Because', N'http://docs.google.com/uc?export=open&id=1A8kgXqnnwVmOk4hNbvpzHvYiJcN-zxDZ')
INSERT [dbo].[Faixas] ([cod_album], [posicao], [tipo_composicao], [tipo_gravacao], [duracao], [descricao], [nome], [link]) VALUES (1, 3, 2, N'DDD', 239, N'Radiohead', N'Creep', N'http://docs.google.com/uc?export=open&id=1-hBcvdwuBS_74DkblU6KG0tpZYmeFwu1')
INSERT [dbo].[Faixas] ([cod_album], [posicao], [tipo_composicao], [tipo_gravacao], [duracao], [descricao], [nome], [link]) VALUES (1, 4, 3, N'ADD', 451, N'Oasis', N'Champagne Supernova', N'http://docs.google.com/uc?export=open&id=1lwYq2tH-KOXwRp6rqacjnhQU-BRKSHKG')
INSERT [dbo].[Faixas] ([cod_album], [posicao], [tipo_composicao], [tipo_gravacao], [duracao], [descricao], [nome], [link]) VALUES (1, 5, 3, N'ADD', 290, N'Oasis', N'Don''t Look Back in Anger', N'http://docs.google.com/uc?export=open&id=19-Ucln5xqa7Tx0iuGp7ZeI1B0euRx9Vn')
INSERT [dbo].[Faixas] ([cod_album], [posicao], [tipo_composicao], [tipo_gravacao], [duracao], [descricao], [nome], [link]) VALUES (1, 6, 1, N'DDD', 284, N'Pink Floyd', N'The Great Gig in the Sky', N'http://docs.google.com/uc?export=open&id=1ZP4ADKedgLkTOXm724DbzC8J_qyFBX9v')
INSERT [dbo].[Faixas] ([cod_album], [posicao], [tipo_composicao], [tipo_gravacao], [duracao], [descricao], [nome], [link]) VALUES (1, 7, 2, N'ADD', 349, N'Beirut', N'Elephant Gun', N'http://docs.google.com/uc?export=open&id=1FxquUd9Z94Ve2kB6PVe5mTxPId9skFuw')
INSERT [dbo].[Faixas] ([cod_album], [posicao], [tipo_composicao], [tipo_gravacao], [duracao], [descricao], [nome], [link]) VALUES (2, 1, 2, N'DDD', 349, N'Led Zeppelin', N'Going to California', N'http://docs.google.com/uc?export=open&id=1kAFoBpFJiRVxBI-Nhi1PnvTHUGKA_W1G')
INSERT [dbo].[Faixas] ([cod_album], [posicao], [tipo_composicao], [tipo_gravacao], [duracao], [descricao], [nome], [link]) VALUES (2, 2, 1, N'DDD', 160, N'The Lumineers', N'Ophelia', N'http://docs.google.com/uc?export=open&id=1sOMQuubGgv1giUVJP9PuexVjU5DL_CTX')
INSERT [dbo].[Faixas] ([cod_album], [posicao], [tipo_composicao], [tipo_gravacao], [duracao], [descricao], [nome], [link]) VALUES (2, 3, 4, N'ADD', 212, N'The Lumineers', N'Sleep On The Floor', N'http://docs.google.com/uc?export=open&id=1VGT9VrrGwUnCit-UY_3USH25tQzgZEtz')
INSERT [dbo].[Faixas] ([cod_album], [posicao], [tipo_composicao], [tipo_gravacao], [duracao], [descricao], [nome], [link]) VALUES (2, 4, 2, N'ADD', 192, N'Charlie Puth', N'One Call Away', N'http://docs.google.com/uc?export=open&id=1nKiOE3zgr_SYbPVqcaFPUFewP2RLXfPX')
INSERT [dbo].[Faixas] ([cod_album], [posicao], [tipo_composicao], [tipo_gravacao], [duracao], [descricao], [nome], [link]) VALUES (2, 5, 1, N'DDD', 218, N'Post Malone', N'Rockstar', N'http://docs.google.com/uc?export=open&id=1ueR3yvfLJp588qsLahZeECo_6OKKe484')
INSERT [dbo].[Faixas] ([cod_album], [posicao], [tipo_composicao], [tipo_gravacao], [duracao], [descricao], [nome], [link]) VALUES (2, 6, 4, N'ADD', 222, N'Gorillaz', N'Fell Good Inc.', N'http://docs.google.com/uc?export=open&id=1tRGjN4vPK_f4_vssZcGAAwz6p6mYHUNo')
INSERT [dbo].[Faixas] ([cod_album], [posicao], [tipo_composicao], [tipo_gravacao], [duracao], [descricao], [nome], [link]) VALUES (3, 1, 4, N'DDD', 160, N'The Weeknd', N'In Your Eyes', N'http://docs.google.com/uc?export=open&id=1KXap9GR4fKHCkrnJbuEgfaHojGarO-l7')
INSERT [dbo].[Faixas] ([cod_album], [posicao], [tipo_composicao], [tipo_gravacao], [duracao], [descricao], [nome], [link]) VALUES (3, 2, 3, N'ADD', 290, N'Bruno Mars', N'Just the Way You Are', N'http://docs.google.com/uc?export=open&id=1tz0_TKtksFJHApKdkFOvN5lp0gzQ671N')
INSERT [dbo].[Faixas] ([cod_album], [posicao], [tipo_composicao], [tipo_gravacao], [duracao], [descricao], [nome], [link]) VALUES (3, 3, 1, N'ADD', 536, N'Guns N'' Roses', N'November Rain', N'http://docs.google.com/uc?export=open&id=1D6V26l2FfXNy3BtvBdcuNuyHytNxi5Bf')
INSERT [dbo].[Faixas] ([cod_album], [posicao], [tipo_composicao], [tipo_gravacao], [duracao], [descricao], [nome], [link]) VALUES (3, 4, 1, N'ADD', 213, N'Alan Walker', N'Faded', N'http://docs.google.com/uc?export=open&id=16aSRf4pDz6FgD-VEI48EPCtpG4ERLswF')
INSERT [dbo].[Faixas] ([cod_album], [posicao], [tipo_composicao], [tipo_gravacao], [duracao], [descricao], [nome], [link]) VALUES (3, 5, 4, N'DDD', 221, N'Alex Turner', N'Stuck on the puzzle', N'http://docs.google.com/uc?export=open&id=1GrVT79xPTm4PfUrtbsQsa81SuzT9W_Od')
INSERT [dbo].[Faixas] ([cod_album], [posicao], [tipo_composicao], [tipo_gravacao], [duracao], [descricao], [nome], [link]) VALUES (3, 6, 2, N'DDD', 200, N'Billie Eilish', N'Ocean Eyes', N'http://docs.google.com/uc?export=open&id=19g_bu50yBi6NDLf52qfGXWwx8L4IwBMJ')
INSERT [dbo].[Faixas] ([cod_album], [posicao], [tipo_composicao], [tipo_gravacao], [duracao], [descricao], [nome], [link]) VALUES (4, 1, 3, N'ADD', 175, N'Imagine Dragons', N'Demons', N'http://docs.google.com/uc?export=open&id=1Q8kxAjooDIoKbVCXUF9HrH6pnQuwzRXE')
INSERT [dbo].[Faixas] ([cod_album], [posicao], [tipo_composicao], [tipo_gravacao], [duracao], [descricao], [nome], [link]) VALUES (4, 2, 2, N'DDD', 215, N'Twenty One Pilots', N'Ride', N'http://docs.google.com/uc?export=open&id=1kV9LTS6seff-1vCuHr108Da3nSqOqDP9')
INSERT [dbo].[Faixas] ([cod_album], [posicao], [tipo_composicao], [tipo_gravacao], [duracao], [descricao], [nome], [link]) VALUES (4, 3, 4, N'DDD', 245, N'Gotye, Kimbra', N'Somebody That I Used To Know', N'http://docs.google.com/uc?export=open&id=1U-RE_bQOX1jdfClEFWGMjYloNW9VVtMG')
INSERT [dbo].[Faixas] ([cod_album], [posicao], [tipo_composicao], [tipo_gravacao], [duracao], [descricao], [nome], [link]) VALUES (4, 4, 2, N'DDD', 258, N'Coldplay', N'Hymm for the Weekend', N'http://docs.google.com/uc?export=open&id=1ikQPS9rIxsVe8DTPYLpkC2Yv_srkTBlN')
INSERT [dbo].[Faixas] ([cod_album], [posicao], [tipo_composicao], [tipo_gravacao], [duracao], [descricao], [nome], [link]) VALUES (4, 5, 1, N'ADD', 226, N'Alex Turner', N'It''s hard to get around the wind', N'http://docs.google.com/uc?export=open&id=1_ooqUXd3P5gJRfSi_1fyKkhJRZRD5Jjl')
INSERT [dbo].[Faixas] ([cod_album], [posicao], [tipo_composicao], [tipo_gravacao], [duracao], [descricao], [nome], [link]) VALUES (4, 6, 1, N'ADD', 177, N'Rob $tone, J. Davi$, Spooks', N'Chill Bill (feat. J. Davi$ & Spooks)', N'http://docs.google.com/uc?export=open&id=1BXtNF-M7jmxcoLkz-PA8IyNIwPKe4PLk')

--Insert Gravadora
INSERT [dbo].[Gravadora] ([cod], [nome], [endereco], [telefone]) VALUES (1, N'PROAUDIO Studio', N'R. Mariana Pinto Bandeira, 152', N'(85)32574040')
INSERT [dbo].[Gravadora] ([cod], [nome], [endereco], [telefone]) VALUES (2, N'Sony Music', N'Av. Pedroso de Morais, 272', N'(11) 99939-3131')
INSERT [dbo].[Gravadora] ([cod], [nome], [endereco], [telefone]) VALUES (3, N'Universal Music', N'R. Said Aiach, 305', N'(11)3889-5800')

--Insert Interprete
INSERT [dbo].[Interprete] ([id], [nome], [tipo]) VALUES (1, N'Rudini Sampaio', N'Soprano')
INSERT [dbo].[Interprete] ([id], [nome], [tipo]) VALUES (2, N'Cláudia Linhares', N'Quarteto')
INSERT [dbo].[Interprete] ([id], [nome], [tipo]) VALUES (3, N'Yuri Lenon', N'Ensemble')
INSERT [dbo].[Interprete] ([id], [nome], [tipo]) VALUES (4, N'José Macêdo', N'Tenor')

--Insert Periodo_Musical
INSERT [dbo].[Periodo_Musical] ([cod], [descricao], [data_inicio], [data_fim]) VALUES (1, N'Barroco', CAST(N'1000-08-30' AS Date), CAST(N'1200-09-04' AS Date))
INSERT [dbo].[Periodo_Musical] ([cod], [descricao], [data_inicio], [data_fim]) VALUES (2, N'Romântico', CAST(N'1580-04-18' AS Date), CAST(N'1690-06-12' AS Date))
INSERT [dbo].[Periodo_Musical] ([cod], [descricao], [data_inicio], [data_fim]) VALUES (3, N'Clássico', CAST(N'1700-03-15' AS Date), CAST(N'1890-05-27' AS Date))
INSERT [dbo].[Periodo_Musical] ([cod], [descricao], [data_inicio], [data_fim]) VALUES (4, N'Contemporâneo', CAST(N'1942-08-12' AS Date), NULL)

--Insert Playlist
INSERT [dbo].[Playlist] ([id], [nome], [tempo_exec], [data_criacao]) VALUES (1, N'Rock', 1979, CAST(N'2021-04-03' AS Date))
INSERT [dbo].[Playlist] ([id], [nome], [tempo_exec], [data_criacao]) VALUES (2, N'Clássica', 1353, CAST(N'2020-08-12' AS Date))
INSERT [dbo].[Playlist] ([id], [nome], [tempo_exec], [data_criacao]) VALUES (3, N'K-POP', 1620, CAST(N'2020-09-01' AS Date))
INSERT [dbo].[Playlist] ([id], [nome], [tempo_exec], [data_criacao]) VALUES (4, N'Funk', 1296, CAST(N'2021-12-30' AS Date))