INSERT Albuns (cod, gravadora, tipo_compra, descricao, data_gravacao, data_compra, preco_compra, nome) VALUES (1, 1, N'Física', N'Metade Vazia', CAST(N'2018-04-05' AS Date), CAST(N'2019-11-24' AS Date), CAST(80.50 AS Decimal(8, 2)))
INSERT Albuns (cod, gravadora, tipo_compra, descricao, data_gravacao, data_compra, preco_compra, nome) VALUES (2, 1, N'Download', N'Metade Preenchida', CAST(N'2020-12-18' AS Date), CAST(N'2020-12-18' AS Date), CAST(1000.00 AS Decimal(8, 2)))
INSERT Albuns (cod, gravadora, tipo_compra, descricao, data_gravacao, data_compra, preco_compra, nome) VALUES (3, 2, N'Download', N'As melhores de FBD', CAST(N'2021-02-27' AS Date), CAST(N'2021-03-09' AS Date), CAST(250.00 AS Decimal(8, 2)))
INSERT Albuns (cod, gravadora, tipo_compra, descricao, data_gravacao, data_compra, preco_compra, nome) VALUES (4, 2, N'Download', N'As melhores de CANA', CAST(N'1998-09-25' AS Date), CAST(N'2021-04-04' AS Date), CAST(40.00 AS Decimal(8, 2)))



INSERT Compos_Periodo (cod_comp, cod_per) VALUES (1, 1)
INSERT Compos_Periodo (cod_comp, cod_per) VALUES (1, 2)
INSERT Compos_Periodo (cod_comp, cod_per) VALUES (2, 3)
INSERT Compos_Periodo (cod_comp, cod_per) VALUES (2, 4)
INSERT Compos_Periodo (cod_comp, cod_per) VALUES (3, 2)
INSERT Compos_Periodo (cod_comp, cod_per) VALUES (4, 1)



INSERT Composicao (id, descricao, tipo) VALUES (1, N'Cantoria Eloquente', N'Ópera')
INSERT Composicao (id, descricao, tipo) VALUES (2, N'Sonífero Mortal', N'Sonata')
INSERT Composicao (id, descricao, tipo) VALUES (3, N'Ressignificação', N'Sinfonia')
INSERT Composicao (id, descricao, tipo) VALUES (4, N'Transposição Espiritual', N'Concerto')



INSERT Compositor (id, nome, local_nasc, data_nasc, data_morte) VALUES (1, N'Ângelo Brayner', N'São Paulo', CAST(N'1981-06-12' AS Date), NULL)
INSERT Compositor (id, nome, local_nasc, data_nasc, data_morte) VALUES (2, N'Jonas Kalasco', N'Afeganistão', CAST(N'1999-08-19' AS Date), CAST(N'2009-12-18' AS Date))
INSERT Compositor (id, nome, local_nasc, data_nasc, data_morte) VALUES (3, N'Lázaro Bonifácio', N'Itália', CAST(N'2001-10-18' AS Date), CAST(N'2017-01-23' AS Date))
INSERT Compositor (id, nome, local_nasc, data_nasc, data_morte) VALUES (4, N'Creto Vidal', N'Fortaleza', CAST(N'1970-04-28' AS Date), NULL)



INSERT Faixa_Compositor (cod_album, posicao, cod_comp) VALUES (1, 1, 2)
INSERT Faixa_Compositor (cod_album, posicao, cod_comp) VALUES (1, 2, 2)
INSERT Faixa_Compositor (cod_album, posicao, cod_comp) VALUES (1, 3, 3)
INSERT Faixa_Compositor (cod_album, posicao, cod_comp) VALUES (1, 4, 2)
INSERT Faixa_Compositor (cod_album, posicao, cod_comp) VALUES (1, 5, 3)
INSERT Faixa_Compositor (cod_album, posicao, cod_comp) VALUES (1, 6, 3)
INSERT Faixa_Compositor (cod_album, posicao, cod_comp) VALUES (1, 7, 2)
INSERT Faixa_Compositor (cod_album, posicao, cod_comp) VALUES (2, 1, 1)
INSERT Faixa_Compositor (cod_album, posicao, cod_comp) VALUES (2, 2, 5)
INSERT Faixa_Compositor (cod_album, posicao, cod_comp) VALUES (2, 3, 2)
INSERT Faixa_Compositor (cod_album, posicao, cod_comp) VALUES (2, 4, 3)
INSERT Faixa_Compositor (cod_album, posicao, cod_comp) VALUES (2, 5, 1)
INSERT Faixa_Compositor (cod_album, posicao, cod_comp) VALUES (2, 6, 2)
INSERT Faixa_Compositor (cod_album, posicao, cod_comp) VALUES (3, 1, 3)
INSERT Faixa_Compositor (cod_album, posicao, cod_comp) VALUES (3, 2, 2)
INSERT Faixa_Compositor (cod_album, posicao, cod_comp) VALUES (3, 3, 5)
INSERT Faixa_Compositor (cod_album, posicao, cod_comp) VALUES (3, 4, 3)
INSERT Faixa_Compositor (cod_album, posicao, cod_comp) VALUES (3, 5, 1)
INSERT Faixa_Compositor (cod_album, posicao, cod_comp) VALUES (3, 6, 2)
INSERT Faixa_Compositor (cod_album, posicao, cod_comp) VALUES (4, 1, 5)
INSERT Faixa_Compositor (cod_album, posicao, cod_comp) VALUES (4, 2, 1)
INSERT Faixa_Compositor (cod_album, posicao, cod_comp) VALUES (4, 3, 2)
INSERT Faixa_Compositor (cod_album, posicao, cod_comp) VALUES (4, 4, 3)
INSERT Faixa_Compositor (cod_album, posicao, cod_comp) VALUES (4, 5, 2)
INSERT Faixa_Compositor (cod_album, posicao, cod_comp) VALUES (4, 6, 3)



INSERT Faixa_Interprete (cod_album, posicao, id_interp) VALUES (1, 1, 1)
INSERT Faixa_Interprete (cod_album, posicao, id_interp) VALUES (1, 5, 1)
INSERT Faixa_Interprete (cod_album, posicao, id_interp) VALUES (2, 1, 1)
INSERT Faixa_Interprete (cod_album, posicao, id_interp) VALUES (2, 5, 1)
INSERT Faixa_Interprete (cod_album, posicao, id_interp) VALUES (3, 3, 1)
INSERT Faixa_Interprete (cod_album, posicao, id_interp) VALUES (3, 5, 1)
INSERT Faixa_Interprete (cod_album, posicao, id_interp) VALUES (4, 2, 1)
INSERT Faixa_Interprete (cod_album, posicao, id_interp) VALUES (1, 2, 2)
INSERT Faixa_Interprete (cod_album, posicao, id_interp) VALUES (1, 7, 2)
INSERT Faixa_Interprete (cod_album, posicao, id_interp) VALUES (2, 3, 2)
INSERT Faixa_Interprete (cod_album, posicao, id_interp) VALUES (2, 3, 1)
INSERT Faixa_Interprete (cod_album, posicao, id_interp) VALUES (2, 6, 2)
INSERT Faixa_Interprete (cod_album, posicao, id_interp) VALUES (3, 2, 2)
INSERT Faixa_Interprete (cod_album, posicao, id_interp) VALUES (3, 6, 2)
INSERT Faixa_Interprete (cod_album, posicao, id_interp) VALUES (4, 3, 2)
INSERT Faixa_Interprete (cod_album, posicao, id_interp) VALUES (4, 5, 2)
INSERT Faixa_Interprete (cod_album, posicao, id_interp) VALUES (1, 3, 3)
INSERT Faixa_Interprete (cod_album, posicao, id_interp) VALUES (1, 6, 3)
INSERT Faixa_Interprete (cod_album, posicao, id_interp) VALUES (2, 4, 3)
INSERT Faixa_Interprete (cod_album, posicao, id_interp) VALUES (3, 4, 3)
INSERT Faixa_Interprete (cod_album, posicao, id_interp) VALUES (4, 4, 3)
INSERT Faixa_Interprete (cod_album, posicao, id_interp) VALUES (4, 4, 2)
INSERT Faixa_Interprete (cod_album, posicao, id_interp) VALUES (1, 4, 4)
INSERT Faixa_Interprete (cod_album, posicao, id_interp) VALUES (2, 2, 4)
INSERT Faixa_Interprete (cod_album, posicao, id_interp) VALUES (3, 1, 4)
INSERT Faixa_Interprete (cod_album, posicao, id_interp) VALUES (4, 1, 4)
INSERT Faixa_Interprete (cod_album, posicao, id_interp) VALUES (4, 6, 4)

INSERT Faixa_Playlist (cod_album, posicao, id_playlist, data_ultima, num_tocada) VALUES (1, 1, 1, CAST(N'2021-05-04' AS Date), 500)
INSERT Faixa_Playlist (cod_album, posicao, id_playlist, data_ultima, num_tocada) VALUES (1, 1, 2, CAST(N'2021-05-04' AS Date), 500)
INSERT Faixa_Playlist (cod_album, posicao, id_playlist, data_ultima, num_tocada) VALUES (1, 1, 3, CAST(N'2021-05-04' AS Date), 500)
INSERT Faixa_Playlist (cod_album, posicao, id_playlist, data_ultima, num_tocada) VALUES (1, 1, 4, CAST(N'2021-05-04' AS Date), 500)
INSERT Faixa_Playlist (cod_album, posicao, id_playlist, data_ultima, num_tocada) VALUES (1, 2, 1, CAST(N'2021-04-04' AS Date), 123)
INSERT Faixa_Playlist (cod_album, posicao, id_playlist, data_ultima, num_tocada) VALUES (1, 3, 1, CAST(N'2021-03-04' AS Date), 98)
INSERT Faixa_Playlist (cod_album, posicao, id_playlist, data_ultima, num_tocada) VALUES (1, 4, 1, CAST(N'2021-02-04' AS Date), 423)
INSERT Faixa_Playlist (cod_album, posicao, id_playlist, data_ultima, num_tocada) VALUES (1, 5, 1, CAST(N'2021-01-04' AS Date), 128)
INSERT Faixa_Playlist (cod_album, posicao, id_playlist, data_ultima, num_tocada) VALUES (1, 6, 1, CAST(N'2021-05-03' AS Date), 45)
INSERT Faixa_Playlist (cod_album, posicao, id_playlist, data_ultima, num_tocada) VALUES (1, 7, 1, CAST(N'2021-05-02' AS Date), 675)
INSERT Faixa_Playlist (cod_album, posicao, id_playlist, data_ultima, num_tocada) VALUES (2, 1, 2, CAST(N'2021-05-05' AS Date), 230)
INSERT Faixa_Playlist (cod_album, posicao, id_playlist, data_ultima, num_tocada) VALUES (2, 2, 2, CAST(N'2021-04-06' AS Date), 83)
INSERT Faixa_Playlist (cod_album, posicao, id_playlist, data_ultima, num_tocada) VALUES (2, 2, 1, CAST(N'2021-04-06' AS Date), 83)
INSERT Faixa_Playlist (cod_album, posicao, id_playlist, data_ultima, num_tocada) VALUES (2, 3, 2, CAST(N'2021-03-07' AS Date), 18)
INSERT Faixa_Playlist (cod_album, posicao, id_playlist, data_ultima, num_tocada) VALUES (2, 4, 2, CAST(N'2021-02-08' AS Date), 426)
INSERT Faixa_Playlist (cod_album, posicao, id_playlist, data_ultima, num_tocada) VALUES (2, 5, 2, CAST(N'2021-01-09' AS Date), 118)
INSERT Faixa_Playlist (cod_album, posicao, id_playlist, data_ultima, num_tocada) VALUES (2, 6, 2, CAST(N'2021-05-10' AS Date), 35)
INSERT Faixa_Playlist (cod_album, posicao, id_playlist, data_ultima, num_tocada) VALUES (3, 1, 3, CAST(N'2020-05-04' AS Date), 122)
INSERT Faixa_Playlist (cod_album, posicao, id_playlist, data_ultima, num_tocada) VALUES (3, 2, 3, CAST(N'2020-04-04' AS Date), 32)
INSERT Faixa_Playlist (cod_album, posicao, id_playlist, data_ultima, num_tocada) VALUES (3, 3, 3, CAST(N'2020-03-04' AS Date), 837)
INSERT Faixa_Playlist (cod_album, posicao, id_playlist, data_ultima, num_tocada) VALUES (3, 3, 4, CAST(N'2020-03-04' AS Date), 837)
INSERT Faixa_Playlist (cod_album, posicao, id_playlist, data_ultima, num_tocada) VALUES (3, 4, 3, CAST(N'2020-02-04' AS Date), 15)
INSERT Faixa_Playlist (cod_album, posicao, id_playlist, data_ultima, num_tocada) VALUES (3, 5, 3, CAST(N'2020-01-04' AS Date), 872)
INSERT Faixa_Playlist (cod_album, posicao, id_playlist, data_ultima, num_tocada) VALUES (3, 6, 3, CAST(N'2020-05-03' AS Date), 54)
INSERT Faixa_Playlist (cod_album, posicao, id_playlist, data_ultima, num_tocada) VALUES (4, 1, 4, CAST(N'2019-05-04' AS Date), 122)
INSERT Faixa_Playlist (cod_album, posicao, id_playlist, data_ultima, num_tocada) VALUES (4, 2, 4, CAST(N'2019-04-04' AS Date), 143)
INSERT Faixa_Playlist (cod_album, posicao, id_playlist, data_ultima, num_tocada) VALUES (4, 3, 4, CAST(N'2019-03-04' AS Date), 1256)
INSERT Faixa_Playlist (cod_album, posicao, id_playlist, data_ultima, num_tocada) VALUES (4, 4, 4, CAST(N'2019-02-04' AS Date), 63)
INSERT Faixa_Playlist (cod_album, posicao, id_playlist, data_ultima, num_tocada) VALUES (4, 5, 4, CAST(N'2019-01-04' AS Date), 631)
INSERT Faixa_Playlist (cod_album, posicao, id_playlist, data_ultima, num_tocada) VALUES (4, 5, 2, CAST(N'2019-01-04' AS Date), 631)
INSERT Faixa_Playlist (cod_album, posicao, id_playlist, data_ultima, num_tocada) VALUES (4, 6, 4, CAST(N'2019-05-03' AS Date), 56)

INSERT Faixas (cod_album, posicao, tipo_composicao, tipo_gravacao, vezes_tocada, duracao, descricao, nome, link) VALUES (1, 1, 1, N'ADD', 500, 201, N'Billie Eilish', N'No Time to Die', N'http://docs.google.com/uc?export=open&id=1XbqsgaIPU5cYH_4zbq97w4PnrYUuJsCl')
INSERT Faixas (cod_album, posicao, tipo_composicao, tipo_gravacao, vezes_tocada, duracao, descricao, nome, link) VALUES (1, 2, 4, N'DDD', 123, 166, N'The Beatles', N'Because', N'http://docs.google.com/uc?export=open&id=1A8kgXqnnwVmOk4hNbvpzHvYiJcN-zxDZ')
INSERT Faixas (cod_album, posicao, tipo_composicao, tipo_gravacao, vezes_tocada, duracao, descricao, nome, link) VALUES (1, 3, 2, N'DDD', 98, 239, N'Radiohead', N'Creep', N'http://docs.google.com/uc?export=open&id=1-hBcvdwuBS_74DkblU6KG0tpZYmeFwu1')
INSERT Faixas (cod_album, posicao, tipo_composicao, tipo_gravacao, vezes_tocada, duracao, descricao, nome, link) VALUES (1, 4, 3, N'ADD', 423, 451, N'Oasis', N'Champagne Supernova', N'http://docs.google.com/uc?export=open&id=1lwYq2tH-KOXwRp6rqacjnhQU-BRKSHKG')
INSERT Faixas (cod_album, posicao, tipo_composicao, tipo_gravacao, vezes_tocada, duracao, descricao, nome, link) VALUES (1, 5, 3, N'ADD', 128, 290, N'Oasis', N'Don''t Look Back in Anger', N'http://docs.google.com/uc?export=open&id=19-Ucln5xqa7Tx0iuGp7ZeI1B0euRx9Vn')
INSERT Faixas (cod_album, posicao, tipo_composicao, tipo_gravacao, vezes_tocada, duracao, descricao, nome, link) VALUES (1, 6, 1, N'DDD', 45, 284, N'Pink Floyd', N'The Great Gig in the Sky', N'http://docs.google.com/uc?export=open&id=1ZP4ADKedgLkTOXm724DbzC8J_qyFBX9v')
INSERT Faixas (cod_album, posicao, tipo_composicao, tipo_gravacao, vezes_tocada, duracao, descricao, nome, link) VALUES (1, 7, 2, N'ADD', 675, 349, N'Beirut', N'Elephant Gun', N'http://docs.google.com/uc?export=open&id=1FxquUd9Z94Ve2kB6PVe5mTxPId9skFuw')
INSERT Faixas (cod_album, posicao, tipo_composicao, tipo_gravacao, vezes_tocada, duracao, descricao, nome, link) VALUES (2, 1, 2, N'DDD', 230, 349, N'Led Zeppelin', N'Going to California', N'http://docs.google.com/uc?export=open&id=1kAFoBpFJiRVxBI-Nhi1PnvTHUGKA_W1G')
INSERT Faixas (cod_album, posicao, tipo_composicao, tipo_gravacao, vezes_tocada, duracao, descricao, nome, link) VALUES (2, 2, 1, N'DDD', 83, 160, N'The Lumineers', N'Ophelia', N'http://docs.google.com/uc?export=open&id=1sOMQuubGgv1giUVJP9PuexVjU5DL_CTX')
INSERT Faixas (cod_album, posicao, tipo_composicao, tipo_gravacao, vezes_tocada, duracao, descricao, nome, link) VALUES (2, 3, 4, N'ADD', 18, 212, N'The Lumineers', N'Sleep On The Floor', N'http://docs.google.com/uc?export=open&id=1VGT9VrrGwUnCit-UY_3USH25tQzgZEtz')
INSERT Faixas (cod_album, posicao, tipo_composicao, tipo_gravacao, vezes_tocada, duracao, descricao, nome, link) VALUES (2, 4, 2, N'ADD', 426, 192, N'Charlie Puth', N'One Call Away', N'http://docs.google.com/uc?export=open&id=1nKiOE3zgr_SYbPVqcaFPUFewP2RLXfPX')
INSERT Faixas (cod_album, posicao, tipo_composicao, tipo_gravacao, vezes_tocada, duracao, descricao, nome, link) VALUES (2, 5, 1, N'DDD', 118, 218, N'Post Malone', N'Rockstar', N'http://docs.google.com/uc?export=open&id=1ueR3yvfLJp588qsLahZeECo_6OKKe484')
INSERT Faixas (cod_album, posicao, tipo_composicao, tipo_gravacao, vezes_tocada, duracao, descricao, nome, link) VALUES (2, 6, 4, N'ADD', 35, 222, N'Gorillaz', N'Fell Good Inc.', N'http://docs.google.com/uc?export=open&id=1tRGjN4vPK_f4_vssZcGAAwz6p6mYHUNo')
INSERT Faixas (cod_album, posicao, tipo_composicao, tipo_gravacao, vezes_tocada, duracao, descricao, nome, link) VALUES (3, 1, 4, N'DDD', 122, 160, N'The Weeknd', N'In Your Eyes', N'http://docs.google.com/uc?export=open&id=1KXap9GR4fKHCkrnJbuEgfaHojGarO-l7')
INSERT Faixas (cod_album, posicao, tipo_composicao, tipo_gravacao, vezes_tocada, duracao, descricao, nome, link) VALUES (3, 2, 3, N'ADD', 32, 290, N'Bruno Mars', N'Just the Way You Are', N'http://docs.google.com/uc?export=open&id=1tz0_TKtksFJHApKdkFOvN5lp0gzQ671N')
INSERT Faixas (cod_album, posicao, tipo_composicao, tipo_gravacao, vezes_tocada, duracao, descricao, nome, link) VALUES (3, 3, 1, N'ADD', 837, 536, N'Guns N'' Roses', N'November Rain', N'http://docs.google.com/uc?export=open&id=1D6V26l2FfXNy3BtvBdcuNuyHytNxi5Bf')
INSERT Faixas (cod_album, posicao, tipo_composicao, tipo_gravacao, vezes_tocada, duracao, descricao, nome, link) VALUES (3, 4, 1, N'ADD', 15, 213, N'Alan Walker', N'Faded', N'http://docs.google.com/uc?export=open&id=16aSRf4pDz6FgD-VEI48EPCtpG4ERLswF')
INSERT Faixas (cod_album, posicao, tipo_composicao, tipo_gravacao, vezes_tocada, duracao, descricao, nome, link) VALUES (3, 5, 4, N'DDD', 872, 221, N'Alex Turner', N'Stuck on the puzzle', N'http://docs.google.com/uc?export=open&id=1GrVT79xPTm4PfUrtbsQsa81SuzT9W_Od')
INSERT Faixas (cod_album, posicao, tipo_composicao, tipo_gravacao, vezes_tocada, duracao, descricao, nome, link) VALUES (3, 6, 2, N'DDD', 54, 200, N'Billie Eilish', N'Ocean Eyes', N'http://docs.google.com/uc?export=open&id=19g_bu50yBi6NDLf52qfGXWwx8L4IwBMJ')
INSERT Faixas (cod_album, posicao, tipo_composicao, tipo_gravacao, vezes_tocada, duracao, descricao, nome, link) VALUES (4, 1, 3, N'ADD', 122, 175, N'Imagine Dragons', N'Demons', N'http://docs.google.com/uc?export=open&id=1Q8kxAjooDIoKbVCXUF9HrH6pnQuwzRXE')
INSERT Faixas (cod_album, posicao, tipo_composicao, tipo_gravacao, vezes_tocada, duracao, descricao, nome, link) VALUES (4, 2, 2, N'DDD', 143, 215, N'Twenty One Pilots', N'Ride', N'http://docs.google.com/uc?export=open&id=1kV9LTS6seff-1vCuHr108Da3nSqOqDP9')
INSERT Faixas (cod_album, posicao, tipo_composicao, tipo_gravacao, vezes_tocada, duracao, descricao, nome, link) VALUES (4, 3, 4, N'DDD', 1256, 245, N'Gotye, Kimbra', N'Somebody That I Used To Know', N'http://docs.google.com/uc?export=open&id=1U-RE_bQOX1jdfClEFWGMjYloNW9VVtMG')
INSERT Faixas (cod_album, posicao, tipo_composicao, tipo_gravacao, vezes_tocada, duracao, descricao, nome, link) VALUES (4, 4, 2, N'DDD', 63, 258, N'Coldplay', N'Hymm for the Weekend', N'http://docs.google.com/uc?export=open&id=1ikQPS9rIxsVe8DTPYLpkC2Yv_srkTBlN')
INSERT Faixas (cod_album, posicao, tipo_composicao, tipo_gravacao, vezes_tocada, duracao, descricao, nome, link) VALUES (4, 5, 1, N'ADD', 631, 226, N'Alex Turner', N'It''s hard to get around the wind', N'http://docs.google.com/uc?export=open&id=1_ooqUXd3P5gJRfSi_1fyKkhJRZRD5Jjl')
INSERT Faixas (cod_album, posicao, tipo_composicao, tipo_gravacao, vezes_tocada, duracao, descricao, nome, link) VALUES (4, 6, 1, N'ADD', 56, 177, N'Rob $tone, J. Davi$, Spooks', N'Chill Bill (feat. J. Davi$ & Spooks)', N'http://docs.google.com/uc?export=open&id=1BXtNF-M7jmxcoLkz-PA8IyNIwPKe4PLk')



INSERT gravadora (cod, nome, endereco, home_page) VALUES (1, N'PROAUDIO Studio', N'R. Mariana Pinto Bandeira, 152', 'https://www.proaudio.com.br')
INSERT gravadora (cod, nome, endereco, home_page) VALUES (2, N'Sony Music', N'Av. Lauro Müller, 116', 'https://www.sonymusic.com.br')
INSERT gravadora (cod, nome, endereco, home_page) VALUES (3, N'Universal Music', N'Av. das Américas, 3500', 'https://www.universalmusic.com.br')



INSERT Telefones (cod_gravadora, num_fone, tipo_fone) VALUES (1, '558532574040', 'Principal')
INSERT Telefones (cod_gravadora, num_fone, tipo_fone) VALUES (1, '558597157462', 'Secretaria')
INSERT Telefones (cod_gravadora, num_fone, tipo_fone) VALUES (2, '552121280600', 'Principal')
INSERT Telefones (cod_gravadora, num_fone, tipo_fone) VALUES (3, '552121087600', 'Principal')



INSERT Interprete (id, nome, tipo) VALUES (1, N'Rudini Sampaio', N'Soprano')
INSERT Interprete (id, nome, tipo) VALUES (2, N'Cláudia Linhares', N'Quarteto')
INSERT Interprete (id, nome, tipo) VALUES (3, N'Yuri Lenon', N'Ensemble')
INSERT Interprete (id, nome, tipo) VALUES (4, N'José Macêdo', N'Tenor')



INSERT Periodo_Musical (cod, descricao, data_inicio, data_fim) VALUES (1, N'Barroco', CAST(N'1000-08-30' AS Date), CAST(N'1200-09-04' AS Date))
INSERT Periodo_Musical (cod, descricao, data_inicio, data_fim) VALUES (2, N'Romântico', CAST(N'1580-04-18' AS Date), CAST(N'1690-06-12' AS Date))
INSERT Periodo_Musical (cod, descricao, data_inicio, data_fim) VALUES (3, N'Clássico', CAST(N'1700-03-15' AS Date), CAST(N'1890-05-27' AS Date))
INSERT Periodo_Musical (cod, descricao, data_inicio, data_fim) VALUES (4, N'Contemporâneo', CAST(N'1942-08-12' AS Date), NULL)



INSERT Playlist (id, nome, tempo_exec, data_criacao) VALUES (1, N'Rock', 1979, CAST(N'2021-04-03' AS Date))
INSERT Playlist (id, nome, tempo_exec, data_criacao) VALUES (2, N'Clássica', 1353, CAST(N'2020-08-12' AS Date))
INSERT Playlist (id, nome, tempo_exec, data_criacao) VALUES (3, N'K-POP', 1620, CAST(N'2020-09-01' AS Date))
INSERT Playlist (id, nome, tempo_exec, data_criacao) VALUES (4, N'Funk', 1296, CAST(N'2021-12-30' AS Date))